Employee_ID,Name,Age,Department,Experience,Salary
8794,James,60,Finance,30,238668
8222,John,28,Sales,13,105995
7643,Robert,30,Marketing,11,96120
2737,Michael,38,HR,20,153525
8557,William,61,HR,31,249192
8484,Mary,31,Marketing,14,112443
5854,David,64,Finance,33,269150
6012,Joseph,33,Finance,13,99541
7462,Richard,34,Finance,15,119128
7276,Charles,23,Finance,11,83249
6621,Thomas,51,IT,26,201259
7461,Christopher,43,IT,17,144477
4181,Daniel,33,Finance,18,148126
9770,Matthew,64,Marketing,29,237357
9138,Elizabeth,41,Finance,19,158446
7182,Patricia,30,Marketing,15,124601
9901,Jennifer,60,IT,27,209673
9684,Anthony,25,Finance,11,88325
6645,George,30,Marketing,14,117761
4049,Linda,45,IT,24,193695
7857,Barbara,56,Finance,27,223718
3757,Donald,32,Finance,16,136877
9062,Paul,49,Sales,24,201355
4459,Mark,52,HR,25,197155
2444,Andrew,43,IT,22,181254
3005,Steven,56,Sales,24,197009
6797,Kenneth,47,IT,26,201648
5040,Edward,37,HR,22,186028
9477,Joshua,54,IT,26,201094
3555,Margaret,48,Sales,25,192419
3490,Brian,28,IT,13,103102
3637,Kevin,62,Marketing,31,248038
9629,Jessica,44,Marketing,22,178656
6809,Sarah,40,IT,19,149831
8660,Susan,34,HR,17,137180
3840,Timothy,45,Sales,22,173071
8354,Dorothy,45,Finance,22,177939
9487,Jason,37,Sales,14,115812
1501,Ronald,47,Marketing,21,159633
3766,Helen,30,Marketing,16,132927
6867,Ryan,47,Sales,26,208357
3272,Jeffrey,22,Sales,12,98088
9299,Karen,45,Sales,20,162526
3681,Nancy,48,Finance,23,182251
1311,Betty,51,Sales,27,222715
7563,Lisa,31,Finance,17,133435
1977,Jacob,38,Finance,18,130398
2765,Nicholas,40,Sales,21,164496
1385,Ashley,42,Finance,19,158595
4113,Eric,64,Marketing,30,236259
8791,Frank,50,Sales,22,174905
7925,Gary,44,HR,21,161581
9867,Anna,50,IT,27,210865
3086,Stephen,46,IT,23,187209
2797,Jonathan,51,IT,27,216483
2514,Sandra,63,IT,31,241732
5404,Emily,22,IT,13,100085
7609,Amanda,48,HR,24,196599
4788,Kimberly,53,Sales,25,203758
1607,Michelle,59,IT,32,254771
4605,Donna,53,Finance,28,221350
9897,Justin,60,Finance,28,227840
6593,Laura,30,Finance,15,118126
2340,Ruth,32,Sales,15,124811
5328,Carol,34,IT,17,138134
5037,Brandon,36,Finance,16,127124
4527,Larry,44,Sales,19,151056
6286,Scott,40,Finance,18,135177
3154,Melissa,31,Marketing,12,99214
9819,Stephanie,35,Sales,17,133866
3438,Benjamin,32,IT,16,127570
8337,Raymond,35,HR,19,140250
7233,Samuel,51,Sales,27,212800
7073,Rebecca,50,HR,23,191346
6850,Deborah,36,Marketing,20,160278
7191,Gregory,52,Sales,27,217985
5208,Sharon,36,IT,20,172798
5116,Kathleen,26,IT,15,120869
6328,Amy,45,Sales,23,186135
3538,Cynthia,27,HR,12,107313
5826,Alexander,48,HR,23,189726
6108,Patrick,45,HR,21,171530
2867,Jack,64,Marketing,34,271935
4495,Henry,53,Marketing,29,234900
9750,Angela,49,Finance,23,181290
9243,Shirley,60,Sales,31,246555
8462,Emma,51,Finance,24,191660
8247,Catherine,22,Sales,14,111511
3054,Katherine,43,IT,19,148439
3988,Virginia,31,HR,15,120884
3300,Nicole,26,Sales,12,94805
9343,Dennis,27,Sales,13,97135
4183,Walter,52,IT,29,220820
4933,Tyler,31,Marketing,14,118043
7374,Peter,52,HR,27,223315
1082,Brenda,61,Finance,30,246738
4204,Aaron,52,Finance,24,191082
9015,Jerry,59,Finance,28,225302
1706,Christine,40,IT,18,142093
3873,Samantha,46,IT,19,156162
3229,Adam,35,Sales,17,134816
6665,Rachel,40,HR,15,122745
4680,Pamela,40,HR,24,186453
1002,Frances,48,IT,25,199561
1137,Nathan,54,Marketing,25,204293
7922,Douglas,58,HR,30,242531
3307,Heather,25,IT,12,103111
8235,Evelyn,53,HR,30,237496
9113,Jose,50,Sales,24,193765
6545,Alice,63,HR,30,240281
4987,Janet,54,Finance,22,176659
9111,Maria,58,IT,30,244973
1061,Zachary,37,Sales,20,160566
6101,Carolyn,43,IT,23,177312
5338,Debra,24,Marketing,12,92967
3697,Harold,46,Marketing,25,208044
6704,Martha,60,Finance,29,225723
1819,Marie,61,IT,26,208426
4425,Arthur,61,IT,35,279946
2499,Julie,29,Finance,16,129970
4801,Kyle,54,HR,28,225408
8001,Diane,32,IT,16,125760
5263,Christina,28,Sales,12,92056
7486,Victoria,45,IT,23,186546
3717,Joyce,58,Sales,26,215978
1861,Carl,48,Marketing,25,185892
1204,Lauren,40,HR,21,158986
8608,Grace,55,Finance,26,202823
9278,Kelly,56,HR,25,198549
1084,Albert,32,Sales,17,142300
3305,Rose,63,IT,29,232577
1262,Megan,49,Finance,24,196293
2478,Joan,40,Marketing,23,185268
4357,Jeremy,41,Finance,20,166636
1802,Ann,22,Finance,12,94300
4666,Julia,49,Marketing,25,198827
7327,Kathryn,44,Finance,25,190600
5722,Lawrence,43,HR,24,187430
8172,Olivia,45,Finance,21,166573
2391,Judith,49,HR,22,176961
3536,Doris,54,IT,25,206014
7770,Jean,43,Sales,21,167653
1571,Andrea,34,IT,17,138491
2558,Gerald,29,Marketing,14,113663
1197,Sean,57,Sales,25,195286
4842,Joe,55,Sales,27,215637
1809,Keith,43,Finance,21,170164
2304,Sara,57,Marketing,30,240851
2759,Cheryl,24,IT,9,78650
8278,Hannah,25,Sales,13,101767
3797,Mildred,57,Marketing,30,237787
1475,Willie,33,Marketing,15,120289
4165,Lillian,59,HR,29,229854
3292,Roger,33,IT,16,140462
1740,Jesse,35,Sales,17,137966
5139,Jacqueline,48,HR,26,198685
4522,Ethan,31,Marketing,13,97639
2227,Terry,51,Sales,27,213234
1859,Christian,58,Finance,27,223033
9580,Harry,57,Finance,30,234249
7166,Teresa,45,HR,21,172147
2383,Austin,35,HR,14,110715
7950,Gloria,50,IT,23,181074
5231,Ralph,48,IT,22,172103
3709,Janice,32,IT,15,121991
5077,Roy,49,Finance,20,174787
8159,Theresa,52,IT,25,200675
2327,Amber,35,HR,17,144719
8869,Danielle,51,Marketing,25,198755
1184,Noah,44,HR,19,150320
5290,Bryan,52,Marketing,25,196697
3041,Jordan,29,Finance,16,133598
3995,Louis,38,HR,18,152005
3870,Brittany,30,IT,17,127810
7949,Bruce,59,HR,31,245029
3635,Madison,40,Sales,20,159567
5679,Judy,38,Marketing,20,165488
5525,Billy,36,Marketing,18,144373
9645,Dylan,52,Finance,25,209113
9968,Denise,62,IT,29,230159
3953,Beverly,62,Marketing,32,242948
4758,Eugene,42,HR,22,181627
7427,Jane,48,IT,24,185708
8999,Marilyn,28,Marketing,14,111947
7658,Abigail,53,IT,26,201058
4734,Diana,42,Marketing,21,168451
7336,Charlotte,22,Sales,8,57732
4024,Natalie,46,HR,25,197413
7752,Tiffany,30,Marketing,16,121722
9981,Wayne,30,HR,18,152895
2003,Russell,30,Finance,14,117925
9689,Alan,56,HR,24,193844
2869,Crystal,30,IT,14,121879
9133,Sophia,41,Marketing,22,176397
5618,Irene,58,IT,31,250658
2310,Juan,47,HR,22,176752
9025,Ruby,32,Marketing,15,123319
2227,Gabriel,60,Marketing,32,258573
2996,Philip,42,Finance,19,150946
3003,Annie,25,HR,14,114361
7608,Kayla,63,IT,32,257944
1121,Vincent,22,IT,12,91127
1838,Lori,64,HR,34,273400
6586,Howard,46,HR,25,196459
4148,Alexis,34,Marketing,18,132705
6227,Erin,61,Sales,24,192494
6663,Fred,38,Marketing,21,164835
9650,Logan,33,Finance,15,126137
6929,Isabella,51,HR,25,200225
2863,Tammy,46,Finance,25,195891
8673,Louise,44,Marketing,20,156207
2820,Florence,28,Finance,18,135734
6260,Randy,23,Sales,14,109179
5238,Bradley,48,Sales,25,197005
1284,Kathy,28,Sales,13,89207
3247,Lois,34,Finance,16,138009
1541,Anne,62,IT,28,233480
5004,Bonnie,57,Finance,26,206244
2696,Victor,56,Finance,26,207865
6407,Taylor,43,IT,21,160057
2699,Travis,40,Finance,16,135082
9383,Phyllis,57,Finance,25,207482
2577,Shawn,39,HR,19,144587
7746,Phillip,41,Sales,22,179459
5622,Shannon,59,IT,30,235895
4002,Martin,26,HR,17,134299
1643,Johnny,34,Sales,17,134991
1459,Craig,26,Sales,11,88841
3972,Allison,44,Marketing,23,184491
2714,Bobby,43,Sales,20,154542
5785,Alyssa,42,Marketing,20,158115
5746,Ella,36,Marketing,14,113899
9400,Josephine,25,Sales,10,85343
4676,Ernest,36,Sales,18,139873
9846,Stanley,61,Sales,30,246725
9108,Cody,57,Sales,27,226201
3158,Clarence,51,Finance,27,212105
7361,Tina,35,Marketing,18,149179
1959,Elijah,36,Sales,15,115898
9340,Leonard,64,Sales,30,245207
9605,Carlos,48,Sales,21,163924
3361,Dawn,46,Marketing,22,172224
4662,Robin,38,HR,19,144990
4844,Edna,47,Sales,22,170676
6788,Cameron,39,Marketing,22,181837
4450,Peggy,42,IT,18,133509
9076,Caleb,58,HR,29,234402
8936,Eleanor,46,Marketing,20,165971
3578,Isaac,31,IT,13,105359
5624,Todd,22,IT,13,94383
3793,Jamie,51,IT,24,198528
1804,Earl,62,IT,31,242369
5169,Francis,52,IT,23,182226
7658,Jimmy,27,HR,11,88117
3417,Mason,54,Marketing,30,242515
4801,Danny,62,Finance,35,281861
2427,Audrey,61,IT,31,242118
4976,Rita,48,Sales,26,209490
2090,Luke,26,IT,11,89796
8575,Dale,41,Finance,17,133309
6820,Alex,61,IT,30,242055
4433,Paula,59,Marketing,27,216452
2245,Clara,49,Sales,23,175322
9271,Wanda,41,Marketing,18,143008
9654,Joel,42,Sales,23,188585
8985,Evan,40,IT,22,170616
2461,Norma,29,HR,10,76240
3151,Luis,33,HR,15,126615
7639,Courtney,56,Marketing,28,229698
5916,Ethel,56,IT,24,187784
9431,Nathaniel,36,Finance,16,138129
3881,Wendy,23,IT,9,67144
4413,Ellen,64,Marketing,29,239949
6996,Leslie,50,IT,21,179365
9067,Marjorie,50,Marketing,24,187838
7346,Vanessa,25,Finance,16,132450
5348,Allen,51,IT,27,205100
8654,Valerie,33,HR,14,116747
6135,Carrie,39,IT,20,163267
9855,Ava,52,IT,25,201417
4372,Eva,24,IT,10,81020
5929,Frederick,54,Finance,28,223674
3596,Curtis,47,Sales,26,210860
5750,Edith,43,Finance,21,166151
6969,Connie,49,Sales,27,221768
9046,Lucas,61,Marketing,28,228336
4744,Gladys,23,Finance,10,83287
9279,Cindy,34,HR,14,107405
8703,Tracy,28,Finance,14,108456
1390,Elaine,62,Marketing,34,266769
3432,Hazel,60,Marketing,28,220626
6674,Monica,27,Sales,11,87783
9406,Norman,55,HR,28,222819
5410,Esther,38,Finance,19,156891
1985,Melanie,41,Marketing,20,166454
1586,Brianna,59,Finance,28,219860
6512,Antonio,32,HR,14,119827
4130,Jasmine,50,IT,25,200843
1545,Chad,34,Sales,17,134412
8876,Katie,58,Sales,29,232716
6444,Tony,23,Finance,13,103933
6852,Rodney,25,Sales,12,92047
7321,Glenn,44,Sales,22,172886
5556,Marvin,37,IT,17,138827
2377,April,46,Finance,22,180896
1169,Derek,39,Sales,17,130190
3130,Erica,58,IT,26,215277
8296,Ian,47,Marketing,26,206424
1465,Adrian,49,HR,23,183184
2460,Theodore,49,Marketing,27,214559
5218,Alexandra,23,IT,13,108976
2582,Marcus,61,Sales,28,219409
7872,Alfred,60,HR,28,227772
1548,Jackson,47,HR,21,165170
6510,Edwin,64,Finance,29,234199
6788,Melvin,48,Finance,26,212050
7404,Sylvia,54,IT,31,249856
6438,Sheila,37,Marketing,18,149464
4847,Alicia,37,Sales,16,124970
7292,Steve,61,HR,32,256982
6925,Leah,61,IT,31,243928
2232,Hunter,46,HR,23,189606
3471,Lee,32,Marketing,16,124879
3537,Jeffery,34,Finance,15,121239
9164,Kristen,25,Finance,9,75895
6318,Caroline,42,Marketing,22,176472
9734,Mia,52,Marketing,27,212809
6820,Sherry,42,Sales,20,163828
5827,Angel,27,HR,13,108619
5708,Jesus,37,HR,19,152992
9126,Dustin,43,Marketing,20,154462
1862,Herbert,39,Sales,18,143605
3905,Pauline,39,Finance,15,117870
5504,Michele,54,Finance,28,223902
1819,Veronica,31,HR,14,115875
2901,Ricky,46,Marketing,24,187168
8229,Liam,64,Marketing,33,265624
9442,Wesley,62,Marketing,32,259400
4796,Thelma,28,Finance,15,113486
1890,Suzanne,26,Marketing,13,102162
2321,Lucille,52,HR,25,200331
6947,Morgan,35,Finance,18,143134
2401,Joanne,41,Sales,20,152367
3015,Troy,62,IT,31,241831
6354,Chloe,46,Finance,22,174392
9023,Anita,44,Sales,21,166153
9431,Connor,22,IT,14,116114
1279,Isaiah,54,Sales,26,215298
5865,Julian,44,Sales,20,161836
8816,Jared,43,IT,21,156464
7352,Holly,51,Marketing,21,161728
8570,Lorraine,26,Marketing,13,108822
7873,Jayden,62,IT,31,242129
5037,Jill,49,IT,25,208439
6812,Geraldine,31,Marketing,16,132859
6228,Rhonda,48,IT,25,197639
1541,Dolores,27,IT,11,78632
4009,Eddie,23,Finance,11,80817
8185,Vivian,46,IT,20,169224
8399,Darlene,24,HR,9,69736
4196,Aiden,52,Marketing,22,172041
1944,Calvin,49,Sales,22,175269
4672,Shane,27,Sales,12,96587
2424,Leo,61,Finance,28,228121
3389,Juanita,57,Marketing,28,219082
9010,Sally,30,Sales,14,112660
7713,Lucy,50,Sales,24,192120
4303,Bertha,35,Finance,17,138446
7683,Gail,62,Marketing,31,248320
7362,Oscar,49,Marketing,20,156711
1718,Mike,49,IT,28,226499
6548,Randall,57,IT,27,207647
6273,Ray,37,HR,19,150282
5076,Bernard,63,Marketing,36,293410
6914,Jeremiah,23,Sales,9,66124
1068,Dana,47,IT,20,162792
1539,Brooke,42,Finance,22,169701
2565,Leroy,26,Finance,12,89021
7334,Amelia,63,IT,31,253048
2974,Corey,22,Sales,7,43177
2346,June,36,IT,13,103682
2800,Owen,30,IT,16,129947
4437,Claire,62,Finance,29,227252
6007,Jay,32,Sales,15,127305
2510,Kristin,51,HR,24,184578
7197,Beatrice,45,IT,23,189031
5262,Clifford,61,Marketing,30,242312
4315,Marion,47,Sales,24,199412
8268,Renee,42,Marketing,22,181466
6197,Tara,61,HR,32,249787
6190,Madeline,23,IT,10,75579
8585,Barry,33,Sales,14,110956
4689,Debbie,52,Marketing,25,205417
9048,Eileen,44,Finance,25,196804
7445,Manuel,46,IT,21,171101
2129,Ida,27,IT,12,103203
2973,Lynn,26,Finance,15,120056
5722,Blake,30,Sales,16,136030
4334,Dean,58,IT,28,225695
3900,Kim,44,IT,18,140411
9317,Bernice,45,Finance,21,169472
7802,Ronnie,23,Finance,12,94602
3189,Warren,43,Finance,22,176423
2803,Gavin,41,Finance,20,173046
9086,Miguel,26,Marketing,12,82230
9975,Cassandra,22,IT,9,65079
8328,Regina,51,Sales,24,194961
1695,Elsie,55,IT,24,192619
6633,Jo,27,HR,16,123888
5922,Tommy,57,Sales,29,225741
4364,Trevor,54,Finance,28,221040
9938,Stella,34,HR,16,133650
4303,Gertrude,31,Marketing,11,93339
4845,Loretta,42,Finance,20,163242
8086,Rosa,36,IT,16,126451
4245,Sydney,23,HR,11,91619
6736,Oliver,43,Marketing,20,171600
9276,Chelsea,23,IT,10,75749
4411,Roberta,36,Marketing,19,146689
3693,Savannah,36,IT,17,141159
1513,Lindsey,41,Finance,18,143584
6094,Brett,30,Marketing,12,92136
9908,Colleen,53,IT,26,204041
5991,Gordon,60,HR,29,227146
8398,Mitchell,36,Finance,14,107232
2660,Charlie,57,Sales,28,222824
7255,Dominic,37,Finance,21,162790
2687,Jessie,50,IT,18,150069
8717,Annette,44,Finance,22,172707
1471,Molly,49,IT,25,200491
3188,Cathy,64,Finance,31,247653
7435,Stacy,49,Finance,24,191755
2002,Laurie,27,Sales,15,125131
5880,Lydia,42,Sales,21,164265
4796,Jon,28,Sales,15,109701
7768,Chase,53,Sales,29,238477
4407,Leon,48,HR,24,193938
4747,Bessie,49,Marketing,20,156976
9893,Seth,54,Sales,29,229200
1779,Kaitlyn,47,Sales,24,194985
3531,Don,40,HR,19,150665
9943,Naomi,45,Marketing,22,187991
6308,Jeanette,55,Marketing,26,202446
4784,Hailey,55,Finance,25,203933
8665,Jeanne,59,Sales,29,234277
8492,Darrell,54,HR,28,225715
2639,Lloyd,24,HR,10,75812
3328,Carter,24,Sales,8,68134
3255,Jerome,48,Finance,20,155985
4651,Erik,50,Finance,27,222685
6391,Alvin,49,Sales,28,220500
9655,Beth,31,Finance,15,126388
6856,Jenna,37,Sales,21,169212
7141,Yvonne,45,HR,24,186015
2259,Rosemary,52,Finance,27,217544
5518,Landon,33,Marketing,17,128767
5641,Bill,60,Marketing,27,216812
8734,Haley,50,HR,21,174984
7473,Alma,49,Sales,24,192274
8293,Wyatt,52,IT,28,216683
1014,Micheal,51,HR,22,184887
4824,Agnes,42,Sales,21,160580
8260,Gina,55,Marketing,30,245031
8101,Minnie,52,HR,19,148735
1488,Sebastian,44,HR,19,150934
9373,Devin,52,Marketing,31,249071
2643,Georgia,53,HR,29,235550
1498,Stacey,36,Sales,19,151124
1515,Pearl,39,Sales,17,140001
1919,Vicki,23,HR,10,78834
4464,Joann,27,IT,10,82592
6062,Max,27,HR,14,115688
8609,Kelsey,60,Sales,33,263818
3523,Lillie,45,HR,23,178139
7576,Levi,48,Sales,24,194575
9175,Lily,44,Sales,27,213467
4299,Floyd,43,Sales,19,155006
1747,Carla,51,Marketing,24,192646
5284,Edgar,62,IT,29,232123
3907,Lewis,56,Sales,29,229395
3543,Jim,45,Marketing,25,202850
5168,Nora,23,IT,10,85536
2060,Maureen,42,HR,21,172003
5476,Brent,56,Finance,29,235111
5336,Heidi,60,Sales,32,248177
7226,Derrick,38,HR,25,199358
7799,Mario,42,Finance,24,189242
1518,Nellie,35,Sales,14,115170
5175,Lindsay,64,IT,35,285886
8349,Kristina,48,IT,23,177664
2319,Shelby,29,Marketing,15,113358
5357,Terri,27,Finance,14,115037
6309,Destiny,43,HR,23,183906
3870,Vernon,42,IT,22,176978
3740,Paige,59,HR,31,257256
8426,Chris,32,Marketing,16,126088
9810,Marc,26,IT,15,118094
5396,Violet,34,Finance,16,131208
7546,Willie,60,HR,28,224502
7744,Sam,29,Finance,15,114758
